{
  "urls": [
    "bee-sprite.ogg",
    "bee-sprite.m4a",
    "bee-sprite.mp3",
    "bee-sprite.ac3"
  ],
  "sprite": {
    "bee 1": [
      0,
      2117.369614512472
    ],
    "bee 2": [
      4000,
      2224.7619047619055
    ],
    "bee 3": [
      8000,
      811.2471655328796
    ],
    "bee 4": [
      10000,
      988.2993197278918
    ],
    "bee 5": [
      12000,
      2143.492063492063
    ]
  }
}