{
  "urls": [
    "blackbird-sprite.ogg",
    "blackbird-sprite.m4a",
    "blackbird-sprite.mp3",
    "blackbird-sprite.ac3"
  ],
  "sprite": {
    "blackbird1": [
      0,
      3342.2222222222226
    ],
    "blackbird2": [
      5000,
      2602.0861678004535
    ],
    "blackbird3": [
      9000,
      2793.650793650794
    ],
    "blackbird5": [
      13000,
      3789.2063492063494
    ],
    "blackbird6": [
      18000,
      2099.9546485260757
    ],
    "blackbird7": [
      22000,
      2515.011337868479
    ],
    "blackbird8": [
      26000,
      3121.6326530612264
    ],
    "blackbird9": [
      31000,
      2935.873015873014
    ],
    "blackbird10": [
      35000,
      4482.902494331064
    ],
    "blackbird11": [
      41000,
      4009.795918367345
    ],
    "blackbird12": [
      47000,
      3243.537414965985
    ],
    "blackbird13": [
      52000,
      3112.9251700680243
    ],
    "blackbird14": [
      57000,
      4018.5034013605473
    ],
    "blackbird15": [
      63000,
      2950.385487528351
    ],
    "blackbird16": [
      67000,
      2973.605442176876
    ]
  }
}