{
  "urls": [
    "owl-sprite.ogg",
    "owl-sprite.m4a",
    "owl-sprite.mp3",
    "owl-sprite.ac3"
  ],
  "sprite": {
    "Owl1a": [
      0,
      2149.297052154195
    ],
    "Owl1b": [
      4000,
      5609.07029478458
    ],
    "Owl1c": [
      11000,
      2915.5555555555566
    ],
    "Owl1d": [
      15000,
      3867.5736961451257
    ],
    "Owl1e": [
      20000,
      4401.632653061224
    ],
    "Owl1f": [
      26000,
      5400.090702947846
    ],
    "Owl1g": [
      33000,
      4169.433106575965
    ],
    "Owl1h": [
      39000,
      3310.2947845804993
    ],
    "Owl1i": [
      44000,
      4239.09297052154
    ],
    "Owl1j": [
      50000,
      1336.5986394557794
    ],
    "Owl1k": [
      53000,
      1940.317460317459
    ],
    "Owl1l": [
      56000,
      4169.433106575965
    ],
    "Owl1m": [
      62000,
      2265.39682539682
    ],
    "Owl2a": [
      66000,
      2675.9863945578245
    ],
    "Owl2b": [
      70000,
      3401.3378684807235
    ],
    "Owl2c": [
      75000,
      1150.839002267574
    ]
  }
}