{
  "urls": [
    "owls-sprite.ogg",
    "owls-sprite.m4a",
    "owls-sprite.mp3",
    "owls-sprite.ac3"
  ],
  "sprite": {
    "owl 1a": [
      0,
      2149.297052154195
    ],
    "owl 1b": [
      4000,
      5609.07029478458
    ]
  }
}